,name,cr,type,size,ac,hp,speed,align,legendary,str,dex,con,int,wis,cha,Method,Morality,Aligned,cluster
0,aarakocra,0.25,humanoid,Medium,12,13,fly,neutral good,False,10.0,14.0,10.0,11.0,12.0,11.0,neutral,good,aligned,1
2,aboleth,10.0,aberration,Large,17,135,swim,lawful evil,True,21.0,9.0,15.0,18.0,15.0,18.0,lawful,evil,aligned,0
5,acolyte,0.25,humanoid,Medium,10,9,land,any alignment,False,10.0,10.0,10.0,10.0,14.0,11.0,any,any,any alignment,1
6,adult-black-dragon,14.0,dragon,Huge,19,195,"fly, swim",chaotic evil,True,23.0,14.0,21.0,14.0,13.0,17.0,chaotic,evil,aligned,0
8,adult-blue-dragon,16.0,dragon,Huge,19,225,fly,lawful evil,True,25.0,10.0,23.0,16.0,15.0,19.0,lawful,evil,aligned,3
9,adult-brass-dragon,13.0,dragon,Huge,18,172,fly,chaotic good,True,23.0,10.0,21.0,14.0,13.0,17.0,chaotic,good,aligned,0
10,adult-bronze-dragon,15.0,dragon,Huge,19,212,"fly, swim",lawful good,True,25.0,10.0,23.0,16.0,15.0,19.0,lawful,good,aligned,3
11,adult-copper-dragon,14.0,dragon,Huge,18,184,fly,chaotic good,True,23.0,12.0,21.0,18.0,15.0,17.0,chaotic,good,aligned,0
12,adult-gold-dragon,17.0,dragon,Huge,19,256,"fly, swim",lawful good,True,27.0,14.0,25.0,16.0,15.0,24.0,lawful,good,aligned,3
13,adult-green-dragon,15.0,dragon,Huge,19,207,"fly, swim",lawful evil,True,23.0,12.0,21.0,18.0,15.0,17.0,lawful,evil,aligned,0
16,adult-red-dragon,17.0,dragon,Huge,19,256,fly,chaotic evil,True,27.0,10.0,25.0,16.0,13.0,21.0,chaotic,evil,aligned,3
17,adult-silver-dragon,16.0,dragon,Huge,19,243,fly,lawful good,True,27.0,10.0,25.0,16.0,13.0,21.0,lawful,good,aligned,3
18,adult-white-dragon,13.0,dragon,Huge,18,200,"fly, swim",chaotic evil,True,22.0,10.0,22.0,8.0,12.0,12.0,chaotic,evil,aligned,0
19,air-elemental,5.0,elemental,Large,15,90,fly,neutral,False,14.0,20.0,14.0,6.0,10.0,6.0,neutral,neutral,aligned,1
26,allosaurus,2.0,beast,Large,13,51,land,unaligned,False,19.0,13.0,17.0,2.0,12.0,5.0,None,None,unaligned,4
29,ancient-black-dragon,21.0,dragon,Gargantuan,22,367,"fly, swim",chaotic evil,True,27.0,14.0,25.0,16.0,15.0,19.0,chaotic,evil,aligned,3
30,ancient-blue-dragon,23.0,dragon,Gargantuan,22,481,fly,lawful evil,True,29.0,10.0,27.0,18.0,17.0,21.0,lawful,evil,aligned,3
31,ancient-brass-dragon,20.0,dragon,Gargantuan,20,297,fly,chaotic good,True,27.0,10.0,25.0,16.0,15.0,19.0,chaotic,good,aligned,3
32,ancient-bronze-dragon,22.0,dragon,Gargantuan,22,444,"fly, swim",lawful good,True,29.0,10.0,27.0,18.0,17.0,21.0,lawful,good,aligned,3
33,ancient-copper-dragon,21.0,dragon,Gargantuan,21,350,fly,chaotic good,True,27.0,12.0,25.0,20.0,17.0,19.0,chaotic,good,aligned,3
34,ancient-gold-dragon,24.0,dragon,Gargantuan,22,546,"fly, swim",lawful good,True,30.0,14.0,29.0,18.0,17.0,28.0,lawful,good,aligned,3
35,ancient-green-dragon,22.0,dragon,Gargantuan,21,385,"fly, swim",lawful evil,True,27.0,12.0,25.0,20.0,17.0,19.0,lawful,evil,aligned,3
36,ancient-red-dragon,24.0,dragon,Gargantuan,22,546,fly,chaotic evil,True,30.0,10.0,29.0,18.0,15.0,23.0,chaotic,evil,aligned,3
37,ancient-shadow,1.0,undead,Medium,13,32,land,chaotic evil,False,6.0,16.0,14.0,6.0,10.0,8.0,chaotic,evil,aligned,2
38,ancient-silver-dragon,23.0,dragon,Gargantuan,22,487,fly,lawful good,True,30.0,10.0,29.0,18.0,15.0,23.0,lawful,good,aligned,3
39,ancient-white-dragon,20.0,dragon,Gargantuan,20,333,"fly, swim",chaotic evil,True,26.0,10.0,26.0,10.0,13.0,14.0,chaotic,evil,aligned,3
40,androsphinx,17.0,monstrosity,Large,17,199,fly,lawful neutral,True,22.0,10.0,20.0,16.0,18.0,23.0,lawful,neutral,aligned,0
41,animated-armor,1.0,construct,Medium,18,33,land,unaligned,False,14.0,11.0,13.0,1.0,3.0,1.0,None,None,unaligned,2
42,ankheg,2.0,monstrosity,Large,14,39,land,unaligned,False,17.0,11.0,13.0,1.0,13.0,6.0,None,None,unaligned,4
43,ankylosaurus,3.0,beast,Huge,15,68,land,unaligned,False,19.0,11.0,15.0,2.0,12.0,5.0,None,None,unaligned,4
44,annis-hag,6.0,fey,Large,17,75,land,chaotic evil,False,21.0,12.0,14.0,13.0,14.0,15.0,chaotic,evil,aligned,0
45,ape,0.5,beast,Medium,12,19,land,unaligned,False,16.0,14.0,14.0,6.0,12.0,7.0,None,None,unaligned,1
50,archmage,12.0,humanoid,Medium,12,99,land,any alignment,False,10.0,14.0,12.0,20.0,15.0,16.0,any,any,any alignment,1
52,assassin,8.0,humanoid,Medium,15,78,land,any non-good alignment,False,11.0,16.0,14.0,13.0,11.0,10.0,any,good,aligned,1
54,astral-dreadnought,21.0,monstrosity,Gargantuan,20,297,fly,unaligned,True,28.0,7.0,25.0,5.0,14.0,18.0,None,None,unaligned,3
56,aurochs,2.0,beast,Large,11,38,land,unaligned,False,20.0,10.0,19.0,2.0,12.0,5.0,None,None,unaligned,4
58,awakened-shrub,0.0,plant,Small,9,10,land,unaligned,False,3.0,8.0,11.0,10.0,10.0,6.0,None,None,unaligned,2
59,awakened-tree,2.0,plant,Huge,13,59,land,unaligned,False,19.0,6.0,15.0,10.0,10.0,7.0,None,None,unaligned,4
60,axe-beak,0.25,beast,Large,11,19,land,unaligned,False,14.0,12.0,12.0,2.0,10.0,5.0,None,None,unaligned,2
61,azer,2.0,elemental,Medium,17,39,land,lawful neutral,False,17.0,12.0,15.0,12.0,13.0,10.0,lawful,neutral,aligned,1
63,baboon,0.0,beast,Small,12,3,land,unaligned,False,8.0,14.0,11.0,4.0,12.0,6.0,None,None,unaligned,2
64,badger,0.0,beast,Tiny,10,3,land,unaligned,False,4.0,11.0,12.0,2.0,12.0,5.0,None,None,unaligned,2
67,balor,19.0,fiend,Huge,19,262,fly,chaotic evil,False,26.0,15.0,22.0,20.0,16.0,22.0,chaotic,evil,aligned,3
69,bandit,0.125,humanoid,Medium,12,11,land,any non-lawful alignment,False,11.0,12.0,12.0,10.0,10.0,10.0,lawful,any,aligned,1
70,bandit-captain,2.0,humanoid,Medium,15,65,land,any non-lawful alignment,False,15.0,16.0,14.0,14.0,11.0,14.0,lawful,any,aligned,1
71,banshee,4.0,undead,Medium,12,58,fly,chaotic evil,False,1.0,14.0,10.0,12.0,11.0,17.0,chaotic,evil,aligned,1
73,barbed-devil,5.0,fiend,Medium,15,110,land,lawful evil,False,16.0,17.0,18.0,12.0,14.0,14.0,lawful,evil,aligned,0
75,barghest,4.0,fiend,Large,17,90,land,neutral evil,False,19.0,15.0,14.0,13.0,12.0,14.0,neutral,evil,aligned,0
76,barlgura,5.0,fiend,Large,15,68,land,chaotic evil,False,18.0,15.0,16.0,7.0,14.0,9.0,chaotic,evil,aligned,1
77,basilisk,3.0,monstrosity,Medium,15,52,land,unaligned,False,16.0,8.0,15.0,2.0,8.0,7.0,None,None,unaligned,4
78,bat,0.0,beast,Tiny,12,1,fly,unaligned,False,2.0,15.0,8.0,2.0,12.0,4.0,None,None,unaligned,2
79,bearded-devil,3.0,fiend,Medium,13,52,land,lawful evil,False,16.0,15.0,15.0,9.0,11.0,11.0,lawful,evil,aligned,1
80,behir,11.0,monstrosity,Huge,17,168,land,neutral evil,False,23.0,16.0,18.0,7.0,14.0,12.0,neutral,evil,aligned,0
83,belaphoss,20.0,fiend,Huge,19,262,fly,chaotic evil,False,26.0,15.0,22.0,20.0,16.0,22.0,chaotic,evil,aligned,3
85,berserker,2.0,humanoid,Medium,13,67,land,any chaotic alignment,False,16.0,12.0,17.0,9.0,11.0,9.0,chaotic,any,aligned,4
88,black-bear,0.5,beast,Medium,11,19,land,unaligned,False,15.0,10.0,14.0,2.0,12.0,7.0,None,None,unaligned,4
89,black-dragon-wyrmling,2.0,dragon,Medium,17,33,"fly, swim",chaotic evil,False,15.0,14.0,13.0,10.0,11.0,13.0,chaotic,evil,aligned,1
91,black-pudding,4.0,ooze,Large,7,85,land,unaligned,False,16.0,5.0,16.0,1.0,6.0,1.0,None,None,unaligned,4
93,blink-dog,0.25,fey,Medium,13,22,land,lawful good,False,12.0,17.0,12.0,10.0,13.0,11.0,lawful,good,aligned,1
94,blood-hawk,0.125,beast,Small,12,7,fly,unaligned,False,6.0,14.0,10.0,3.0,14.0,5.0,None,None,unaligned,2
96,blue-dragon-wyrmling,3.0,dragon,Medium,17,52,fly,lawful evil,False,17.0,10.0,15.0,12.0,11.0,15.0,lawful,evil,aligned,0
98,boar,0.25,beast,Medium,11,11,land,unaligned,False,13.0,11.0,12.0,2.0,9.0,5.0,None,None,unaligned,2
101,bone-devil,9.0,fiend,Large,19,142,fly,lawful evil,False,18.0,16.0,18.0,13.0,14.0,16.0,lawful,evil,aligned,0
104,brass-dragon-wyrmling,1.0,dragon,Medium,16,16,fly,chaotic good,False,15.0,10.0,13.0,10.0,11.0,13.0,chaotic,good,aligned,1
106,bronze-dragon-wyrmling,2.0,dragon,Medium,17,32,"fly, swim",lawful good,False,17.0,10.0,15.0,12.0,11.0,15.0,lawful,good,aligned,0
107,brown-bear,1.0,beast,Large,11,34,land,unaligned,False,19.0,10.0,16.0,2.0,13.0,7.0,None,None,unaligned,4
108,bugbear,1.0,humanoid,Medium,16,27,land,chaotic evil,False,15.0,14.0,13.0,8.0,11.0,9.0,chaotic,evil,aligned,1
110,bulette,5.0,monstrosity,Large,17,94,land,unaligned,False,19.0,11.0,21.0,2.0,10.0,5.0,None,None,unaligned,4
112,bullywug,0.25,humanoid,Medium,15,11,swim,neutral evil,False,12.0,12.0,13.0,7.0,10.0,7.0,neutral,evil,aligned,2
115,camel,0.125,beast,Large,9,15,land,unaligned,False,16.0,8.0,14.0,2.0,8.0,5.0,None,None,unaligned,4
118,cat,0.0,beast,Tiny,12,2,land,unaligned,False,3.0,15.0,10.0,3.0,12.0,7.0,None,None,unaligned,2
121,centaur,2.0,monstrosity,Large,12,45,land,neutral good,False,18.0,14.0,14.0,9.0,13.0,11.0,neutral,good,aligned,1
122,chain-devil,8.0,fiend,Medium,16,85,land,lawful evil,False,18.0,15.0,18.0,11.0,12.0,14.0,lawful,evil,aligned,0
125,chimera,6.0,monstrosity,Large,14,114,fly,chaotic evil,False,19.0,11.0,19.0,3.0,14.0,10.0,chaotic,evil,aligned,4
129,chuul,4.0,aberration,Large,16,93,swim,chaotic evil,False,19.0,10.0,16.0,5.0,11.0,5.0,chaotic,evil,aligned,4
130,clay-golem,9.0,construct,Large,14,133,land,unaligned,False,20.0,9.0,18.0,3.0,8.0,1.0,None,None,unaligned,4
131,cloaker,8.0,aberration,Large,14,78,fly,chaotic neutral,False,17.0,15.0,12.0,13.0,12.0,14.0,chaotic,neutral,aligned,1
132,cloud-giant,9.0,giant,Huge,14,200,land,neutral good ,False,27.0,10.0,22.0,12.0,16.0,16.0,neutral,good,aligned,0
134,cockatrice,0.5,monstrosity,Small,11,27,fly,unaligned,False,6.0,12.0,12.0,2.0,13.0,5.0,None,None,unaligned,2
135,commoner,0.0,humanoid,Medium,10,4,land,any alignment,False,10.0,10.0,10.0,10.0,10.0,10.0,any,any,any alignment,2
137,constrictor-snake,0.25,beast,Large,12,13,swim,unaligned,False,15.0,14.0,12.0,1.0,10.0,3.0,None,None,unaligned,2
138,copper-dragon-wyrmling,1.0,dragon,Medium,16,22,fly,chaotic good,False,15.0,12.0,13.0,14.0,11.0,13.0,chaotic,good,aligned,1
140,couatl,4.0,celestial,Medium,19,97,fly,lawful good,False,16.0,20.0,17.0,18.0,20.0,18.0,lawful,good,aligned,0
141,cow,0.25,beast,Large,10,15,land,unaligned,False,18.0,10.0,14.0,2.0,10.0,4.0,None,None,unaligned,4
142,crab,0.0,beast,Tiny,11,2,swim,unaligned,False,2.0,11.0,10.0,1.0,8.0,2.0,None,None,unaligned,2
145,crawling-claw,0.0,undead,Tiny,12,2,land,neutral evil,False,13.0,14.0,11.0,5.0,10.0,4.0,neutral,evil,aligned,2
146,crocodile,0.5,beast,Large,12,19,swim,unaligned,False,15.0,10.0,13.0,2.0,10.0,5.0,None,None,unaligned,4
148,cult-fanatic,2.0,humanoid,Medium,13,33,land,any non-good alignment,False,11.0,14.0,12.0,10.0,13.0,14.0,any,good,aligned,1
149,cultist,0.125,humanoid,Medium,12,9,land,any non-good alignment,False,11.0,12.0,10.0,10.0,11.0,10.0,any,good,aligned,1
150,cyclops,6.0,giant,Huge,14,138,land,chaotic neutral,False,22.0,11.0,20.0,8.0,6.0,10.0,chaotic,neutral,aligned,4
151,dao,11.0,elemental,Large,18,187,fly,neutral evil,False,23.0,12.0,24.0,12.0,13.0,14.0,neutral,evil,aligned,0
154,darkmantle,0.5,monstrosity,Small,11,22,fly,unaligned,False,16.0,12.0,13.0,2.0,10.0,5.0,None,None,unaligned,2
155,death-dog,1.0,monstrosity,Medium,12,39,land,neutral evil,False,15.0,14.0,14.0,3.0,13.0,6.0,neutral,evil,aligned,2
164,deep-gnome-svirfneblin,0.5,humanoid,Small,15,16,land,neutral good,False,15.0,14.0,14.0,12.0,10.0,9.0,neutral,good,aligned,1
166,deer,0.0,beast,Medium,13,4,land,unaligned,False,11.0,16.0,11.0,2.0,14.0,5.0,None,None,unaligned,2
172,deva,10.0,celestial,Medium,17,136,fly,lawful good,False,18.0,18.0,18.0,17.0,20.0,20.0,lawful,good,aligned,0
173,devilroot,7.0,plant,Medium,15,105,land,neutral evil,False,17.0,11.0,17.0,12.0,14.0,14.0,neutral,evil,aligned,0
178,dire-wolf,1.0,beast,Large,14,37,land,unaligned,False,17.0,15.0,15.0,3.0,12.0,7.0,None,None,unaligned,4
181,djinni,11.0,elemental,Large,17,161,fly,chaotic good,False,21.0,15.0,22.0,15.0,16.0,20.0,chaotic,good,aligned,0
182,dolphin,0.125,beast,Medium,12,11,swim,unaligned,False,14.0,13.0,13.0,6.0,12.0,7.0,None,None,unaligned,2
183,doppelganger,3.0,monstrosity,Medium,14,52,land,neutral,False,11.0,18.0,14.0,11.0,12.0,14.0,neutral,neutral,aligned,1
185,draft-horse,0.25,beast,Large,10,19,land,unaligned,False,18.0,10.0,12.0,2.0,11.0,7.0,None,None,unaligned,4
186,dragon-turtle,17.0,dragon,Gargantuan,20,341,swim,neutral,False,25.0,10.0,20.0,10.0,12.0,12.0,neutral,neutral,aligned,0
188,dretch,0.25,fiend,Small,11,18,land,chaotic evil,False,11.0,11.0,12.0,5.0,8.0,3.0,chaotic,evil,aligned,2
189,drider,6.0,monstrosity,Large,19,123,land,chaotic evil,False,16.0,16.0,18.0,13.0,14.0,12.0,chaotic,evil,aligned,0
190,drow,0.25,humanoid,Medium,15,13,land,neutral evil,False,10.0,14.0,10.0,11.0,11.0,12.0,neutral,evil,aligned,1
194,drow-house-captain,9.0,humanoid,Medium,16,162,land,neutral evil,False,14.0,19.0,15.0,12.0,14.0,13.0,neutral,evil,aligned,1
195,drow-inquisitor,14.0,humanoid,Medium,16,143,land,neutral evil,False,11.0,15.0,14.0,16.0,21.0,20.0,neutral,evil,aligned,0
196,drow-mage,7.0,humanoid,Medium,12,45,land,neutral evil,False,9.0,14.0,10.0,17.0,13.0,12.0,neutral,evil,aligned,1
200,druid,2.0,humanoid,Medium,11,27,land,any alignment,False,10.0,12.0,13.0,12.0,15.0,11.0,any,any,any alignment,1
201,dryad,1.0,fey,Medium,11,22,land,neutral,False,10.0,12.0,11.0,14.0,15.0,18.0,neutral,neutral,aligned,1
202,duergar,1.0,humanoid,Medium,16,26,land,lawful evil,False,14.0,11.0,14.0,11.0,10.0,9.0,lawful,evil,aligned,1
211,dust-mephit,0.5,elemental,Small,12,17,fly,neutral evil,False,5.0,14.0,10.0,9.0,11.0,10.0,neutral,evil,aligned,1
213,eagle,0.0,beast,Small,12,3,fly,unaligned,False,6.0,15.0,10.0,2.0,14.0,7.0,None,None,unaligned,2
214,earth-elemental,5.0,elemental,Large,17,126,land,neutral,False,20.0,8.0,20.0,5.0,10.0,5.0,neutral,neutral,aligned,4
217,efreeti,11.0,elemental,Large,17,200,fly,lawful evil,False,22.0,12.0,24.0,16.0,15.0,16.0,lawful,evil,aligned,0
222,elephant,4.0,beast,Huge,12,76,land,unaligned,False,22.0,9.0,17.0,3.0,11.0,6.0,None,None,unaligned,4
223,elk,0.25,beast,Large,10,13,land,unaligned,False,16.0,10.0,12.0,2.0,10.0,6.0,None,None,unaligned,4
226,erinyes,12.0,fiend,Medium,18,153,fly,lawful evil,False,18.0,16.0,18.0,14.0,14.0,18.0,lawful,evil,aligned,0
227,ettercap,2.0,monstrosity,Medium,13,44,land,neutral evil,False,14.0,15.0,13.0,7.0,12.0,8.0,neutral,evil,aligned,1
228,ettin,4.0,giant,Large,12,85,land,chaotic evil,False,21.0,8.0,17.0,6.0,10.0,8.0,chaotic,evil,aligned,4
238,fire-elemental,5.0,elemental,Large,13,102,land,neutral,False,10.0,17.0,16.0,6.0,10.0,7.0,neutral,neutral,aligned,1
240,fire-giant,9.0,giant,Huge,18,162,land,lawful evil,False,25.0,9.0,23.0,10.0,14.0,13.0,lawful,evil,aligned,0
242,fire-snake,1.0,elemental,Medium,14,22,land,neutral evil,False,12.0,14.0,11.0,7.0,10.0,8.0,neutral,evil,aligned,2
247,flameskull,4.0,undead,Tiny,13,40,fly,neutral evil,False,1.0,17.0,14.0,16.0,10.0,11.0,neutral,evil,aligned,1
248,flesh-golem,5.0,construct,Medium,9,93,land,neutral,False,19.0,9.0,18.0,6.0,10.0,5.0,neutral,neutral,aligned,4
249,flind,9.0,humanoid,Medium,16,127,land,chaotic evil,False,20.0,10.0,19.0,11.0,13.0,12.0,chaotic,evil,aligned,0
251,flying-snake,0.125,beast,Tiny,14,5,"fly, swim",unaligned,False,4.0,18.0,11.0,2.0,12.0,5.0,None,None,unaligned,2
252,flying-sword,0.25,construct,Small,17,17,fly,unaligned,False,12.0,15.0,11.0,1.0,5.0,1.0,None,None,unaligned,2
255,frog,0.0,beast,Tiny,11,1,swim,unaligned,False,1.0,13.0,8.0,1.0,8.0,3.0,None,None,unaligned,2
256,froghemoth,10.0,monstrosity,Huge,14,184,swim,unaligned,False,23.0,13.0,20.0,2.0,12.0,5.0,None,None,unaligned,4
257,frost-giant,8.0,giant,Huge,15,138,land,neutral evil,False,23.0,9.0,21.0,9.0,10.0,12.0,neutral,evil,aligned,4
260,galeb-duhr,6.0,elemental,Medium,16,85,land,neutral,False,20.0,14.0,20.0,11.0,12.0,11.0,neutral,neutral,aligned,0
261,gargoyle,2.0,elemental,Medium,15,52,fly,chaotic evil,False,15.0,11.0,16.0,6.0,11.0,7.0,chaotic,evil,aligned,4
263,gauth,6.0,aberration,Medium,15,67,fly,lawful evil,False,10.0,14.0,16.0,15.0,15.0,13.0,lawful,evil,aligned,1
265,gelatinous-cube,2.0,ooze,Large,6,84,land,unaligned,False,14.0,3.0,20.0,1.0,6.0,1.0,None,None,unaligned,4
267,ghast,2.0,undead,Medium,13,36,land,chaotic evil,False,16.0,17.0,10.0,11.0,10.0,8.0,chaotic,evil,aligned,1
268,ghost,4.0,undead,Medium,11,45,fly,any alignment,False,7.0,13.0,10.0,10.0,12.0,17.0,any,any,any alignment,1
269,ghoul,1.0,undead,Medium,12,22,land,chaotic evil,False,13.0,15.0,10.0,7.0,10.0,6.0,chaotic,evil,aligned,2
270,giant-ape,7.0,beast,Huge,12,157,land,unaligned,False,23.0,14.0,18.0,7.0,12.0,7.0,None,None,unaligned,4
271,giant-badger,0.25,beast,Medium,10,13,land,unaligned,False,13.0,10.0,15.0,2.0,12.0,5.0,None,None,unaligned,4
272,giant-bat,0.25,beast,Large,13,22,fly,unaligned,False,15.0,16.0,11.0,2.0,12.0,6.0,None,None,unaligned,2
273,giant-boar,2.0,beast,Large,12,42,land,unaligned,False,17.0,10.0,16.0,2.0,7.0,5.0,None,None,unaligned,4
274,giant-centipede,0.25,beast,Small,13,4,land,unaligned,False,5.0,14.0,12.0,1.0,7.0,3.0,None,None,unaligned,2
275,giant-constrictor-snake,2.0,beast,Huge,12,60,swim,unaligned,False,19.0,14.0,12.0,1.0,10.0,3.0,None,None,unaligned,2
276,giant-crab,0.125,beast,Medium,15,13,swim,unaligned,False,13.0,15.0,11.0,1.0,9.0,3.0,None,None,unaligned,2
277,giant-crocodile,5.0,beast,Huge,14,85,swim,unaligned,False,21.0,9.0,17.0,2.0,10.0,7.0,None,None,unaligned,4
278,giant-eagle,1.0,beast,Large,13,26,fly,neutral good,False,16.0,17.0,13.0,8.0,14.0,10.0,neutral,good,aligned,1
279,giant-elk,2.0,beast,Huge,14,42,land,unaligned,False,19.0,16.0,14.0,7.0,14.0,10.0,None,None,unaligned,1
280,giant-fire-beetle,0.0,beast,Small,13,4,land,unaligned,False,8.0,10.0,12.0,1.0,7.0,3.0,None,None,unaligned,2
282,giant-frog,0.25,beast,Medium,11,18,swim,unaligned,False,12.0,13.0,11.0,2.0,10.0,3.0,None,None,unaligned,2
283,giant-goat,0.5,beast,Large,11,19,land,unaligned,False,17.0,11.0,12.0,3.0,12.0,6.0,None,None,unaligned,4
284,giant-hyena,1.0,beast,Large,12,45,land,unaligned,False,16.0,14.0,14.0,2.0,12.0,7.0,None,None,unaligned,2
285,giant-lizard,0.25,beast,Large,12,19,land,unaligned,False,15.0,12.0,13.0,2.0,10.0,5.0,None,None,unaligned,2
286,giant-octopus,1.0,beast,Large,11,52,swim,unaligned,False,17.0,13.0,13.0,4.0,10.0,4.0,None,None,unaligned,2
287,giant-owl,0.25,beast,Large,12,19,fly,neutral,False,13.0,15.0,12.0,8.0,13.0,10.0,neutral,neutral,aligned,1
288,giant-poisonous-snake,0.25,beast,Medium,14,11,swim,unaligned,False,10.0,18.0,13.0,2.0,10.0,3.0,None,None,unaligned,2
289,giant-rat,0.125,beast,Small,12,7,land,unaligned,False,7.0,15.0,11.0,2.0,10.0,4.0,None,None,unaligned,2
290,giant-scorpion,3.0,beast,Large,15,52,land,unaligned,False,15.0,13.0,15.0,1.0,9.0,3.0,None,None,unaligned,4
291,giant-sea-horse,0.5,beast,Large,13,16,swim,unaligned,False,12.0,15.0,11.0,2.0,12.0,5.0,None,None,unaligned,2
292,giant-shark,5.0,beast,Huge,13,126,swim,unaligned,False,23.0,11.0,21.0,1.0,10.0,5.0,None,None,unaligned,4
293,giant-spider,1.0,beast,Large,14,26,land,unaligned,False,14.0,16.0,12.0,2.0,11.0,4.0,None,None,unaligned,2
295,giant-toad,1.0,beast,Large,11,39,swim,unaligned,False,15.0,13.0,13.0,2.0,10.0,3.0,None,None,unaligned,2
296,giant-two-headed-goat,0.5,beast,Large,11,19,land,unaligned,False,17.0,11.0,12.0,3.0,12.0,6.0,None,None,unaligned,4
297,giant-vulture,1.0,beast,Large,10,22,fly,neutral evil,False,15.0,10.0,15.0,6.0,12.0,7.0,neutral,evil,aligned,4
298,giant-wasp,0.5,beast,Medium,12,13,fly,unaligned,False,10.0,14.0,10.0,1.0,10.0,3.0,None,None,unaligned,2
299,giant-weasel,0.125,beast,Medium,13,9,land,unaligned,False,11.0,16.0,10.0,4.0,12.0,5.0,None,None,unaligned,2
300,giant-wolf-spider,0.25,beast,Medium,13,11,land,unaligned,False,12.0,16.0,13.0,3.0,12.0,4.0,None,None,unaligned,2
301,gibbering-mouther,2.0,aberration,Medium,9,67,swim,neutral,False,10.0,8.0,16.0,3.0,10.0,6.0,neutral,neutral,aligned,4
313,glabrezu,9.0,fiend,Large,17,157,land,chaotic evil,False,20.0,15.0,21.0,19.0,17.0,16.0,chaotic,evil,aligned,0
314,gladiator,5.0,humanoid,Medium,16,112,land,any alignment,False,18.0,15.0,16.0,10.0,12.0,15.0,any,any,any alignment,0
316,gnoll,0.5,humanoid,Medium,15,22,land,chaotic evil,False,14.0,12.0,11.0,6.0,10.0,7.0,chaotic,evil,aligned,2
320,gnoll-pack-lord,2.0,humanoid,Medium,15,49,land,chaotic evil,False,16.0,14.0,13.0,8.0,11.0,9.0,chaotic,evil,aligned,1
322,goat,0.0,beast,Medium,10,4,land,unaligned,False,12.0,10.0,11.0,2.0,10.0,5.0,None,None,unaligned,2
323,goblin,0.25,humanoid,Small,15,7,land,neutral evil,False,8.0,14.0,10.0,10.0,8.0,8.0,neutral,evil,aligned,2
325,gold-dragon-wyrmling,3.0,dragon,Medium,17,60,"fly, swim",lawful good,False,19.0,14.0,17.0,14.0,11.0,16.0,lawful,good,aligned,0
326,gorgon,5.0,monstrosity,Large,19,114,land,unaligned,False,20.0,11.0,18.0,2.0,12.0,7.0,None,None,unaligned,4
328,gray-ooze,0.5,ooze,Medium,8,22,land,unaligned,False,12.0,6.0,16.0,1.0,6.0,2.0,None,None,unaligned,4
333,green-dragon-wyrmling,2.0,dragon,Medium,17,38,"fly, swim",lawful evil,False,15.0,12.0,13.0,14.0,11.0,13.0,lawful,evil,aligned,1
334,green-hag,3.0,fey,Medium,17,82,land,neutral evil,False,18.0,12.0,16.0,13.0,14.0,14.0,neutral,evil,aligned,0
336,grell,3.0,aberration,Medium,12,55,fly,neutral evil,False,15.0,14.0,13.0,12.0,11.0,9.0,neutral,evil,aligned,1
337,grick,2.0,monstrosity,Medium,14,27,land,neutral,False,14.0,14.0,11.0,3.0,14.0,5.0,neutral,neutral,aligned,2
339,griffon,2.0,monstrosity,Large,12,59,fly,unaligned,False,18.0,15.0,16.0,2.0,13.0,8.0,None,None,unaligned,4
340,grimlock,0.25,humanoid,Medium,11,11,land,neutral evil,False,16.0,12.0,12.0,9.0,8.0,6.0,neutral,evil,aligned,2
344,guard,0.125,humanoid,Medium,16,11,land,any alignment,False,13.0,12.0,12.0,10.0,11.0,10.0,any,any,any alignment,1
346,guardian-naga,10.0,monstrosity,Large,18,127,land,lawful good,False,19.0,18.0,16.0,16.0,19.0,18.0,lawful,good,aligned,0
347,gynosphinx,11.0,monstrosity,Large,17,136,fly,lawful neutral,True,18.0,15.0,16.0,18.0,18.0,18.0,lawful,neutral,aligned,0
349,half-ogre,1.0,giant,Large,12,30,land,any chaotic alignment,False,17.0,10.0,14.0,7.0,9.0,10.0,chaotic,any,aligned,4
350,half-red-dragon-veteran,5.0,humanoid,Medium,18,65,land,any alignment,False,16.0,13.0,14.0,10.0,11.0,10.0,any,any,any alignment,1
351,harpy,1.0,monstrosity,Medium,11,38,fly,chaotic evil,False,12.0,13.0,12.0,7.0,10.0,13.0,chaotic,evil,aligned,1
352,hawk,0.0,beast,Tiny,13,1,fly,unaligned,False,5.0,16.0,8.0,2.0,14.0,6.0,None,None,unaligned,2
353,hell-hound,3.0,fiend,Medium,15,45,land,lawful evil,False,17.0,12.0,14.0,6.0,13.0,6.0,lawful,evil,aligned,4
356,helmed-horror,4.0,construct,Medium,20,60,fly,neutral,False,18.0,13.0,16.0,10.0,10.0,10.0,neutral,neutral,aligned,0
357,hezrou,8.0,fiend,Large,16,136,land,chaotic evil,False,19.0,17.0,20.0,5.0,12.0,13.0,chaotic,evil,aligned,0
358,hill-giant,5.0,giant,Huge,13,105,land,chaotic evil,False,21.0,8.0,19.0,5.0,9.0,6.0,chaotic,evil,aligned,4
359,hippogriff,1.0,monstrosity,Large,11,19,fly,unaligned,False,17.0,13.0,13.0,2.0,12.0,8.0,None,None,unaligned,2
360,hobgoblin,0.5,humanoid,Medium,18,11,land,lawful evil,False,13.0,12.0,12.0,10.0,10.0,9.0,lawful,evil,aligned,1
361,hobgoblin-captain,3.0,humanoid,Medium,17,39,land,lawful evil,False,15.0,14.0,14.0,12.0,10.0,13.0,lawful,evil,aligned,1
363,hobgoblin-iron-shadow,2.0,humanoid,Medium,15,32,land,lawful evil,False,14.0,16.0,15.0,14.0,15.0,11.0,lawful,evil,aligned,1
365,homunculus,0.0,construct,Tiny,13,5,fly,neutral,False,4.0,15.0,11.0,10.0,10.0,7.0,neutral,neutral,aligned,2
366,hook-horror,3.0,monstrosity,Large,15,75,land,neutral,False,18.0,10.0,15.0,6.0,12.0,7.0,neutral,neutral,aligned,4
367,horned-devil,11.0,fiend,Large,18,178,fly,lawful evil,False,22.0,17.0,21.0,12.0,16.0,17.0,lawful,evil,aligned,0
370,hunter-shark,2.0,beast,Large,12,45,swim,unaligned,False,18.0,13.0,15.0,1.0,10.0,4.0,None,None,unaligned,4
372,hydra,8.0,monstrosity,Huge,15,172,swim,unaligned,False,20.0,12.0,20.0,2.0,10.0,7.0,None,None,unaligned,4
374,hyena,0.0,beast,Medium,11,5,land,unaligned,False,11.0,13.0,12.0,2.0,12.0,5.0,None,None,unaligned,2
375,ice-devil,14.0,fiend,Large,18,180,land,lawful evil,False,21.0,14.0,18.0,18.0,15.0,18.0,lawful,evil,aligned,0
376,ice-mephit,0.5,elemental,Small,11,21,fly,neutral evil,False,7.0,13.0,10.0,9.0,11.0,12.0,neutral,evil,aligned,1
380,imp,1.0,fiend,Tiny,13,10,fly,lawful evil,False,6.0,17.0,13.0,11.0,12.0,14.0,lawful,evil,aligned,1
382,invisible-stalker,6.0,elemental,Medium,14,104,fly,neutral,False,16.0,19.0,14.0,10.0,15.0,11.0,neutral,neutral,aligned,1
385,iron-golem,16.0,construct,Large,20,210,land,unaligned,False,24.0,9.0,20.0,3.0,11.0,1.0,None,None,unaligned,4
386,jackal,0.0,beast,Small,12,3,land,unaligned,False,8.0,15.0,11.0,3.0,12.0,6.0,None,None,unaligned,2
387,jackalwere,0.5,humanoid,Medium,12,18,land,chaotic evil,False,11.0,15.0,11.0,13.0,11.0,10.0,chaotic,evil,aligned,1
392,kenku,0.25,humanoid,Medium,13,13,land,chaotic neutral,False,10.0,16.0,10.0,11.0,10.0,10.0,chaotic,neutral,aligned,1
394,killer-whale,3.0,beast,Huge,12,90,swim,unaligned,False,19.0,10.0,13.0,3.0,12.0,7.0,None,None,unaligned,4
395,knight,3.0,humanoid,Medium,18,52,land,any alignment,False,16.0,11.0,14.0,11.0,11.0,15.0,any,any,any alignment,0
396,kobold,0.125,humanoid,Small,12,5,land,lawful evil,False,7.0,15.0,9.0,8.0,7.0,8.0,lawful,evil,aligned,2
398,kobold-inventor,0.25,humanoid,Small,12,13,land,lawful evil,False,7.0,15.0,12.0,8.0,7.0,8.0,lawful,evil,aligned,2
401,kraken,23.0,monstrosity,Gargantuan,18,472,swim,chaotic evil,True,30.0,11.0,25.0,22.0,18.0,20.0,chaotic,evil,aligned,3
404,kuo-toa,0.25,humanoid,Medium,13,18,swim,neutral evil,False,13.0,10.0,11.0,11.0,10.0,8.0,neutral,evil,aligned,1
405,kuo-toa-archpriest,6.0,humanoid,Medium,13,97,swim,neutral evil,False,16.0,14.0,16.0,13.0,16.0,14.0,neutral,evil,aligned,1
406,kuo-toa-whip,1.0,humanoid,Medium,11,65,swim,neutral evil,False,14.0,10.0,14.0,12.0,14.0,11.0,neutral,evil,aligned,1
407,laeral-silverhand,17.0,humanoid,Medium,18,228,land,chaotic good,False,13.0,17.0,20.0,20.0,20.0,19.0,chaotic,good,aligned,0
408,lamia,4.0,monstrosity,Large,13,97,land,chaotic evil,False,16.0,13.0,15.0,14.0,15.0,16.0,chaotic,evil,aligned,1
409,lemure,0.0,fiend,Medium,7,13,land,lawful evil,False,10.0,5.0,11.0,1.0,11.0,3.0,lawful,evil,aligned,2
412,lich,21.0,undead,Medium,17,135,land,any evil alignment,True,11.0,16.0,16.0,20.0,14.0,16.0,any,evil,aligned,0
413,lion,1.0,beast,Large,12,26,land,unaligned,False,17.0,15.0,13.0,3.0,12.0,8.0,None,None,unaligned,2
414,lizard,0.0,beast,Tiny,10,2,land,unaligned,False,2.0,11.0,10.0,1.0,8.0,3.0,None,None,unaligned,2
415,lizard-king-queen,4.0,humanoid,Medium,15,78,swim,chaotic evil,False,17.0,12.0,15.0,11.0,11.0,15.0,chaotic,evil,aligned,1
416,lizardfolk,0.5,humanoid,Medium,15,22,swim,neutral,False,15.0,10.0,13.0,7.0,12.0,7.0,neutral,neutral,aligned,4
417,lizardfolk-shaman,2.0,humanoid,Medium,13,27,swim,neutral,False,15.0,10.0,13.0,10.0,15.0,8.0,neutral,neutral,aligned,1
418,mage,6.0,humanoid,Medium,12,40,land,any alignment,False,9.0,14.0,11.0,17.0,12.0,11.0,any,any,any alignment,1
419,magma-mephit,0.5,elemental,Small,11,22,fly,neutral evil,False,8.0,12.0,12.0,7.0,10.0,10.0,neutral,evil,aligned,2
420,magmin,0.5,elemental,Small,14,9,land,chaotic neutral,False,7.0,15.0,12.0,8.0,11.0,10.0,chaotic,neutral,aligned,1
422,mammoth,6.0,beast,Huge,13,126,land,unaligned,False,24.0,9.0,21.0,3.0,11.0,6.0,None,None,unaligned,4
425,manticore,3.0,monstrosity,Large,14,68,fly,lawful evil,False,17.0,16.0,17.0,7.0,12.0,8.0,lawful,evil,aligned,1
428,marilith,16.0,fiend,Large,18,189,land,chaotic evil,False,18.0,20.0,20.0,18.0,16.0,20.0,chaotic,evil,aligned,0
433,mastiff,0.125,beast,Medium,12,5,land,unaligned,False,13.0,14.0,12.0,3.0,12.0,7.0,None,None,unaligned,2
437,medusa,6.0,monstrosity,Medium,15,127,land,lawful evil,False,10.0,15.0,16.0,12.0,13.0,15.0,lawful,evil,aligned,1
439,merfolk,0.125,humanoid,Medium,11,11,swim,neutral,False,10.0,13.0,12.0,11.0,11.0,12.0,neutral,neutral,aligned,1
442,merrow,2.0,monstrosity,Large,13,45,swim,chaotic evil,False,18.0,10.0,15.0,8.0,10.0,9.0,chaotic,evil,aligned,4
443,mezzoloth,5.0,fiend,Medium,18,75,land,neutral evil,False,18.0,11.0,16.0,7.0,10.0,11.0,neutral,evil,aligned,4
444,mimic,2.0,monstrosity,Medium,12,58,land,neutral,False,17.0,12.0,15.0,5.0,13.0,8.0,neutral,neutral,aligned,4
446,mindwitness,5.0,aberration,Large,15,75,fly,lawful evil,False,10.0,14.0,14.0,15.0,15.0,10.0,lawful,evil,aligned,1
447,minotaur,3.0,monstrosity,Large,14,76,land,chaotic evil,False,18.0,11.0,16.0,6.0,16.0,9.0,chaotic,evil,aligned,4
448,minotaur-skeleton,2.0,undead,Large,12,67,land,lawful evil,False,18.0,11.0,15.0,6.0,8.0,5.0,lawful,evil,aligned,4
449,moloch,21.0,fiend,Large,19,253,land,lawful evil,True,26.0,19.0,22.0,21.0,18.0,23.0,lawful,evil,aligned,3
454,mud-mephit,0.25,elemental,Small,11,27,"fly, swim",neutral evil,False,8.0,12.0,12.0,9.0,11.0,7.0,neutral,evil,aligned,2
455,mule,0.125,beast,Medium,10,11,land,unaligned,False,14.0,10.0,13.0,2.0,10.0,5.0,None,None,unaligned,2
456,mummified-warrior,0.25,undead,Medium,8,19,land,neutral,False,13.0,6.0,14.0,8.0,6.0,8.0,neutral,neutral,aligned,4
457,mummy,3.0,undead,Medium,11,58,land,lawful evil,False,16.0,8.0,15.0,6.0,10.0,12.0,lawful,evil,aligned,4
458,mummy-lord,15.0,undead,Medium,17,97,land,lawful evil,True,18.0,10.0,17.0,11.0,18.0,16.0,lawful,evil,aligned,0
464,nalfeshnee,13.0,fiend,Large,18,184,fly,chaotic evil,False,21.0,10.0,22.0,19.0,12.0,15.0,chaotic,evil,aligned,0
465,narzugon,13.0,fiend,Medium,20,112,land,lawful evil,False,20.0,10.0,17.0,16.0,14.0,19.0,lawful,evil,aligned,0
474,night-hag,5.0,fiend,Medium,17,112,land,neutral evil,False,18.0,15.0,16.0,16.0,14.0,16.0,neutral,evil,aligned,0
475,nightmare,3.0,fiend,Large,13,68,fly,neutral evil,False,18.0,15.0,16.0,10.0,13.0,15.0,neutral,evil,aligned,1
477,nilbog,1.0,humanoid,Small,13,7,land,chaotic evil,False,8.0,14.0,10.0,10.0,8.0,15.0,chaotic,evil,aligned,1
478,noble,0.125,humanoid,Medium,15,9,land,any alignment,False,11.0,12.0,11.0,12.0,14.0,16.0,any,any,any alignment,1
479,nothic,2.0,aberration,Medium,15,45,land,neutral evil,False,14.0,16.0,16.0,13.0,10.0,8.0,neutral,evil,aligned,1
481,nycaloth,9.0,fiend,Large,18,123,fly,neutral evil,False,20.0,11.0,19.0,12.0,10.0,15.0,neutral,evil,aligned,0
483,ochre-jelly,2.0,ooze,Large,8,45,land,unaligned,False,15.0,6.0,14.0,2.0,6.0,1.0,None,None,unaligned,4
484,octopus,0.0,beast,Small,12,3,swim,unaligned,False,4.0,15.0,11.0,3.0,10.0,4.0,None,None,unaligned,2
485,ogre,2.0,giant,Large,11,59,land,chaotic evil,False,19.0,8.0,16.0,5.0,7.0,7.0,chaotic,evil,aligned,4
490,ogre-zombie,2.0,undead,Large,8,85,land,neutral evil,False,19.0,6.0,18.0,3.0,6.0,5.0,neutral,evil,aligned,4
494,oni,7.0,giant,Large,16,110,fly,lawful evil,False,19.0,11.0,16.0,14.0,12.0,15.0,lawful,evil,aligned,0
495,orc,0.5,humanoid,Medium,13,15,land,chaotic evil,False,16.0,12.0,16.0,7.0,11.0,10.0,chaotic,evil,aligned,4
498,orc-eye-of-gruumsh,2.0,humanoid,Medium,16,45,land,chaotic evil,False,16.0,12.0,16.0,9.0,13.0,12.0,chaotic,evil,aligned,1
502,orcus,26.0,fiend,Huge,17,405,fly,chaotic evil,True,27.0,14.0,25.0,20.0,20.0,25.0,chaotic,evil,aligned,3
503,orog,2.0,humanoid,Medium,18,42,land,chaotic evil,False,18.0,12.0,18.0,12.0,11.0,12.0,chaotic,evil,aligned,0
505,otyugh,5.0,aberration,Large,14,114,land,neutral,False,16.0,11.0,19.0,6.0,13.0,6.0,neutral,neutral,aligned,4
506,owl,0.0,beast,Tiny,11,1,fly,unaligned,False,3.0,13.0,8.0,2.0,12.0,7.0,None,None,unaligned,2
507,owlbear,3.0,monstrosity,Large,13,59,land,unaligned,False,20.0,12.0,17.0,3.0,12.0,7.0,None,None,unaligned,4
508,panther,0.25,beast,Medium,12,13,land,unaligned,False,14.0,15.0,10.0,3.0,14.0,7.0,None,None,unaligned,2
509,pegasus,2.0,celestial,Large,12,59,fly,chaotic good,False,18.0,15.0,16.0,10.0,15.0,13.0,chaotic,good,aligned,1
511,peryton,2.0,monstrosity,Medium,13,33,fly,chaotic evil,False,16.0,12.0,13.0,9.0,12.0,10.0,chaotic,evil,aligned,1
512,phase-spider,3.0,monstrosity,Large,13,32,land,unaligned,False,15.0,15.0,12.0,6.0,10.0,6.0,None,None,unaligned,2
514,piercer,0.5,monstrosity,Medium,15,22,land,unaligned,False,10.0,13.0,16.0,1.0,7.0,3.0,None,None,unaligned,2
515,pit-fiend,20.0,fiend,Large,19,300,fly,lawful evil,False,26.0,14.0,24.0,22.0,18.0,24.0,lawful,evil,aligned,3
517,planetar,16.0,celestial,Large,19,200,fly,lawful good,False,24.0,20.0,24.0,19.0,22.0,25.0,lawful,good,aligned,3
518,plesiosaurus,2.0,beast,Large,13,68,swim,unaligned,False,18.0,15.0,16.0,2.0,12.0,5.0,None,None,unaligned,4
519,poisonous-snake,0.125,beast,Tiny,13,2,swim,unaligned,False,2.0,16.0,11.0,1.0,10.0,3.0,None,None,unaligned,2
520,polar-bear,2.0,beast,Large,12,42,swim,unaligned,False,20.0,10.0,16.0,2.0,13.0,7.0,None,None,unaligned,4
521,pony,0.125,beast,Medium,10,11,land,unaligned,False,15.0,10.0,13.0,2.0,11.0,7.0,None,None,unaligned,4
522,priest,2.0,humanoid,Medium,13,27,land,any alignment,False,10.0,10.0,12.0,13.0,16.0,13.0,any,any,any alignment,1
523,pseudodragon,0.25,dragon,Tiny,13,7,fly,neutral good,False,6.0,15.0,13.0,10.0,12.0,10.0,neutral,good,aligned,1
525,pteranodon,0.25,beast,Medium,13,13,fly,unaligned,False,12.0,15.0,10.0,2.0,9.0,5.0,None,None,unaligned,2
526,purple-worm,15.0,monstrosity,Gargantuan,18,247,land,unaligned,False,28.0,7.0,22.0,1.0,8.0,4.0,None,None,unaligned,4
531,quasit,1.0,fiend,Tiny,13,7,land,chaotic evil,False,5.0,17.0,10.0,7.0,10.0,10.0,chaotic,evil,aligned,2
532,quetzalcoatlus,2.0,beast,Huge,13,30,fly,unaligned,False,15.0,13.0,13.0,2.0,10.0,5.0,None,None,unaligned,2
534,quipper,0.0,beast,Tiny,13,1,swim,unaligned,False,2.0,16.0,9.0,1.0,7.0,2.0,None,None,unaligned,2
535,rakshasa,13.0,fiend,Medium,16,110,land,lawful evil,False,14.0,17.0,18.0,13.0,16.0,20.0,lawful,evil,aligned,0
536,rat,0.0,beast,Tiny,10,1,land,unaligned,False,2.0,11.0,9.0,2.0,10.0,4.0,None,None,unaligned,2
537,raven,0.0,beast,Tiny,12,1,fly,unaligned,False,2.0,14.0,8.0,2.0,12.0,6.0,None,None,unaligned,2
540,red-dragon-wyrmling,4.0,dragon,Medium,17,75,fly,chaotic evil,False,19.0,10.0,17.0,12.0,11.0,15.0,chaotic,evil,aligned,0
543,reef-manta-ray,0.5,beast,Large,12,16,swim,unaligned,False,13.0,12.0,12.0,1.0,12.0,4.0,None,None,unaligned,2
544,reef-shark,0.5,beast,Medium,12,22,swim,unaligned,False,14.0,13.0,13.0,1.0,10.0,4.0,None,None,unaligned,2
545,remorhaz,11.0,monstrosity,Huge,17,195,land,unaligned,False,24.0,13.0,21.0,4.0,10.0,5.0,None,None,unaligned,4
547,revenant,5.0,undead,Medium,13,136,land,neutral,False,18.0,14.0,18.0,13.0,16.0,18.0,neutral,neutral,aligned,0
548,rhinoceros,2.0,beast,Large,11,45,land,unaligned,False,21.0,8.0,15.0,2.0,12.0,6.0,None,None,unaligned,4
549,riding-horse,0.25,beast,Large,10,13,land,unaligned,False,16.0,10.0,12.0,2.0,11.0,7.0,None,None,unaligned,4
550,roc,11.0,monstrosity,Gargantuan,15,248,fly,unaligned,False,28.0,10.0,20.0,3.0,10.0,9.0,None,None,unaligned,4
551,roper,5.0,monstrosity,Large,20,93,land,neutral evil,False,18.0,8.0,17.0,7.0,16.0,6.0,neutral,evil,aligned,0
553,rug-of-smothering,2.0,construct,Large,12,33,land,unaligned,False,17.0,14.0,10.0,1.0,3.0,1.0,None,None,unaligned,2
554,rust-monster,0.5,monstrosity,Medium,14,27,land,unaligned,False,13.0,12.0,13.0,2.0,13.0,6.0,None,None,unaligned,2
556,saber-toothed-tiger,2.0,beast,Large,12,52,land,unaligned,False,18.0,14.0,15.0,3.0,12.0,8.0,None,None,unaligned,4
557,sahuagin,0.5,humanoid,Medium,12,22,swim,lawful evil,False,13.0,11.0,12.0,12.0,13.0,9.0,lawful,evil,aligned,1
560,salamander,5.0,elemental,Large,15,90,land,neutral evil,False,18.0,14.0,15.0,11.0,10.0,12.0,neutral,evil,aligned,1
561,satyr,0.5,fey,Medium,14,31,land,chaotic neutral,False,12.0,16.0,11.0,12.0,10.0,14.0,chaotic,neutral,aligned,1
563,scorpion,0.0,beast,Tiny,11,1,land,unaligned,False,2.0,11.0,8.0,1.0,8.0,2.0,None,None,unaligned,2
564,scout,0.5,humanoid,Medium,13,16,land,any alignment,False,11.0,14.0,12.0,11.0,13.0,11.0,any,any,any alignment,1
565,sea-hag,2.0,fey,Medium,14,52,swim,chaotic evil,False,16.0,13.0,16.0,12.0,12.0,13.0,chaotic,evil,aligned,1
566,sea-horse,0.0,beast,Tiny,11,1,swim,unaligned,False,1.0,12.0,8.0,1.0,10.0,2.0,None,None,unaligned,2
568,shadow,0.5,undead,Medium,12,16,land,chaotic evil,False,6.0,14.0,13.0,6.0,10.0,8.0,chaotic,evil,aligned,2
570,shadow-demon,4.0,fiend,Medium,13,66,fly,chaotic evil,False,1.0,17.0,12.0,14.0,13.0,14.0,chaotic,evil,aligned,1
572,shambling-mound,5.0,plant,Large,15,136,swim,unaligned,False,18.0,8.0,16.0,5.0,10.0,5.0,None,None,unaligned,4
573,shield-guardian,7.0,construct,Large,17,142,land,unaligned,False,18.0,8.0,18.0,7.0,10.0,3.0,None,None,unaligned,4
575,shrieker,0.0,plant,Medium,5,13,land,unaligned,False,1.0,1.0,10.0,1.0,3.0,1.0,None,None,unaligned,2
576,sibriex,18.0,fiend,Huge,19,150,fly,chaotic evil,True,10.0,3.0,23.0,25.0,24.0,25.0,chaotic,evil,aligned,3
577,silver-dragon-wyrmling,2.0,dragon,Medium,17,45,fly,lawful good,False,19.0,10.0,17.0,12.0,11.0,15.0,lawful,good,aligned,0
578,skeleton,0.25,undead,Medium,13,13,land,lawful evil,False,10.0,14.0,15.0,6.0,8.0,5.0,lawful,evil,aligned,2
583,slithering-tracker,3.0,ooze,Medium,14,32,swim,chaotic evil,False,16.0,19.0,15.0,10.0,14.0,11.0,chaotic,evil,aligned,1
584,smoke-mephit,0.25,elemental,Small,12,22,fly,neutral evil,False,6.0,14.0,12.0,10.0,10.0,11.0,neutral,evil,aligned,1
585,solar,21.0,celestial,Large,21,243,fly,lawful good,True,26.0,22.0,26.0,25.0,25.0,30.0,lawful,good,aligned,3
588,spectator,3.0,aberration,Medium,14,39,fly,lawful neutral,False,8.0,14.0,14.0,13.0,14.0,11.0,lawful,neutral,aligned,1
589,specter,1.0,undead,Medium,12,22,fly,chaotic evil,False,1.0,14.0,11.0,10.0,10.0,11.0,chaotic,evil,aligned,1
602,spider,0.0,beast,Tiny,12,1,land,unaligned,False,2.0,14.0,8.0,1.0,10.0,2.0,None,None,unaligned,2
604,spirit-naga,8.0,monstrosity,Large,15,75,land,chaotic evil,False,18.0,17.0,14.0,16.0,15.0,16.0,chaotic,evil,aligned,0
607,sprite,0.25,fey,Tiny,15,2,fly,neutral good,False,3.0,18.0,10.0,14.0,13.0,11.0,neutral,good,aligned,1
608,spy,1.0,humanoid,Medium,12,27,land,any alignment,False,10.0,15.0,10.0,12.0,14.0,16.0,any,any,any alignment,1
614,steam-mephit,0.25,elemental,Small,10,21,fly,neutral evil,False,5.0,11.0,10.0,11.0,10.0,12.0,neutral,evil,aligned,1
617,stirge,0.125,beast,Tiny,14,2,fly,unaligned,False,4.0,16.0,11.0,2.0,8.0,6.0,None,None,unaligned,2
619,stone-giant,7.0,giant,Huge,17,126,land,neutral,False,23.0,15.0,20.0,10.0,12.0,9.0,neutral,neutral,aligned,0
620,stone-giant-dreamwalker,10.0,giant,Huge,18,161,land,chaotic neutral,False,23.0,14.0,21.0,10.0,8.0,12.0,chaotic,neutral,aligned,0
621,stone-golem,10.0,construct,Large,17,178,land,unaligned,False,22.0,9.0,20.0,3.0,11.0,1.0,None,None,unaligned,4
623,storm-giant,13.0,giant,Huge,16,230,swim,chaotic good,False,29.0,14.0,20.0,16.0,18.0,18.0,chaotic,good,aligned,3
627,succubus,4.0,fiend,Medium,15,66,fly,neutral evil,False,8.0,17.0,13.0,15.0,12.0,20.0,neutral,evil,aligned,1
629,swarm-of-bats,0.25,swarm of Tiny beasts,Medium,12,22,fly,unaligned,False,5.0,15.0,10.0,2.0,12.0,4.0,None,None,unaligned,2
631,swarm-of-insects,0.5,swarm of Tiny beasts,Medium,12,22,land,unaligned,False,3.0,13.0,10.0,1.0,7.0,1.0,None,None,unaligned,2
632,swarm-of-poisonous-snakes,2.0,swarm of Tiny beasts,Medium,14,36,swim,unaligned,False,8.0,18.0,11.0,1.0,10.0,3.0,None,None,unaligned,2
633,swarm-of-quippers,1.0,swarm of Tiny beasts,Medium,13,28,swim,unaligned,False,13.0,16.0,9.0,1.0,7.0,2.0,None,None,unaligned,2
634,swarm-of-rats,0.25,swarm of Tiny beasts,Medium,10,24,land,unaligned,False,9.0,11.0,9.0,2.0,10.0,3.0,None,None,unaligned,2
635,swarm-of-ravens,0.25,swarm of Tiny beasts,Medium,12,24,fly,unaligned,False,6.0,14.0,8.0,3.0,12.0,6.0,None,None,unaligned,2
636,swarm-of-rot-grubs,0.5,swarm of Tiny beasts,Medium,8,22,land,unaligned,False,2.0,7.0,10.0,1.0,2.0,1.0,None,None,unaligned,2
642,tanarukk,5.0,fiend,Medium,14,95,land,chaotic evil,False,18.0,13.0,20.0,9.0,9.0,9.0,chaotic,evil,aligned,4
643,tarrasque,30.0,monstrosity,Gargantuan,25,676,land,unaligned,True,30.0,11.0,30.0,3.0,11.0,11.0,None,None,unaligned,3
651,thug,0.5,humanoid,Medium,11,32,land,any non-good alignment,False,15.0,11.0,14.0,10.0,10.0,11.0,any,good,aligned,1
653,tiger,1.0,beast,Large,12,37,land,unaligned,False,17.0,15.0,14.0,3.0,12.0,8.0,None,None,unaligned,2
660,treant,9.0,plant,Huge,16,138,land,chaotic good,False,23.0,8.0,21.0,12.0,16.0,12.0,chaotic,good,aligned,0
662,tribal-warrior,0.125,humanoid,Medium,12,11,land,any alignment,False,13.0,11.0,12.0,8.0,11.0,8.0,any,any,any alignment,2
663,triceratops,5.0,beast,Huge,13,95,land,unaligned,False,22.0,9.0,17.0,2.0,11.0,5.0,None,None,unaligned,4
665,troglodyte,0.25,humanoid,Medium,11,13,land,chaotic evil,False,14.0,10.0,14.0,6.0,10.0,6.0,chaotic,evil,aligned,4
666,troll,5.0,giant,Large,15,84,land,chaotic evil,False,18.0,13.0,20.0,7.0,9.0,7.0,chaotic,evil,aligned,4
667,twig-blight,0.125,plant,Small,13,4,land,neutral evil,False,6.0,13.0,12.0,4.0,8.0,3.0,neutral,evil,aligned,2
668,tyrannosaurus-rex,8.0,beast,Huge,13,136,land,unaligned,False,25.0,10.0,19.0,2.0,12.0,9.0,None,None,unaligned,4
671,umber-hulk,5.0,monstrosity,Large,18,93,land,chaotic evil,False,20.0,13.0,16.0,9.0,10.0,10.0,chaotic,evil,aligned,0
672,unicorn,5.0,celestial,Large,12,67,land,lawful good,True,18.0,14.0,15.0,11.0,17.0,16.0,lawful,good,aligned,1
675,vampire,13.0,undead,Medium,16,144,land,lawful evil,True,18.0,18.0,18.0,17.0,15.0,18.0,lawful,evil,aligned,0
676,vampire-spawn,5.0,undead,Medium,15,82,land,neutral evil,False,16.0,16.0,16.0,11.0,10.0,12.0,neutral,evil,aligned,1
682,venerable-shadow,2.0,undead,Medium,13,27,land,chaotic evil,False,6.0,16.0,13.0,6.0,12.0,10.0,chaotic,evil,aligned,1
684,veteran,3.0,humanoid,Medium,17,58,land,any alignment,False,16.0,13.0,14.0,10.0,11.0,10.0,any,any,any alignment,1
686,violet-fungus,0.25,plant,Medium,5,18,land,unaligned,False,3.0,1.0,10.0,1.0,3.0,1.0,None,None,unaligned,2
687,vrock,6.0,fiend,Large,15,104,fly,chaotic evil,False,17.0,15.0,18.0,8.0,13.0,8.0,chaotic,evil,aligned,1
688,vulture,0.0,beast,Medium,10,5,fly,unaligned,False,7.0,10.0,13.0,2.0,12.0,4.0,None,None,unaligned,2
690,warhorse,0.5,beast,Large,11,19,land,unaligned,False,18.0,12.0,13.0,2.0,12.0,7.0,None,None,unaligned,4
691,warhorse-skeleton,0.5,undead,Large,13,22,land,lawful evil,False,18.0,12.0,15.0,2.0,8.0,5.0,lawful,evil,aligned,4
703,water-elemental,5.0,elemental,Large,14,114,swim,neutral,False,18.0,14.0,18.0,5.0,10.0,8.0,neutral,neutral,aligned,4
705,water-weird,3.0,elemental,Large,13,58,swim,neutral,False,17.0,16.0,13.0,11.0,10.0,10.0,neutral,neutral,aligned,1
706,weasel,0.0,beast,Tiny,13,1,land,unaligned,False,3.0,16.0,8.0,2.0,12.0,3.0,None,None,unaligned,2
707,werebear,5.0,humanoid,Medium,10,135,land,neutral good,False,19.0,10.0,17.0,11.0,12.0,12.0,neutral,good,aligned,4
708,wereboar,4.0,humanoid,Medium,10,78,land,neutral evil,False,17.0,10.0,15.0,10.0,11.0,8.0,neutral,evil,aligned,4
709,wererat,2.0,humanoid,Medium,12,33,land,lawful evil,False,10.0,15.0,12.0,11.0,10.0,8.0,lawful,evil,aligned,1
710,weretiger,4.0,humanoid,Medium,12,120,land,neutral,False,17.0,15.0,16.0,10.0,13.0,11.0,neutral,neutral,aligned,1
711,werewolf,3.0,humanoid,Medium,11,58,land,chaotic evil,False,15.0,13.0,14.0,10.0,11.0,10.0,chaotic,evil,aligned,1
713,white-dragon-wyrmling,2.0,dragon,Medium,16,32,"fly, swim",chaotic evil,False,14.0,10.0,14.0,5.0,10.0,11.0,chaotic,evil,aligned,4
714,wight,3.0,undead,Medium,14,45,land,neutral evil,False,15.0,14.0,16.0,10.0,13.0,15.0,neutral,evil,aligned,1
715,wild-dog,0.125,beast,Medium,12,5,land,unaligned,False,13.0,14.0,12.0,3.0,12.0,7.0,None,None,unaligned,2
716,wild-dog-alpha,1.0,beast,Large,12,26,land,unaligned,False,17.0,15.0,13.0,3.0,12.0,8.0,None,None,unaligned,2
717,will-o--wisp,2.0,undead,Tiny,19,22,fly,chaotic evil,False,1.0,28.0,10.0,13.0,14.0,11.0,chaotic,evil,aligned,1
718,winged-kobold,0.25,humanoid,Small,13,7,fly,lawful evil,False,7.0,16.0,9.0,8.0,7.0,8.0,lawful,evil,aligned,2
720,winter-wolf,3.0,monstrosity,Large,13,75,land,neutral evil,False,18.0,13.0,14.0,7.0,12.0,8.0,neutral,evil,aligned,4
721,wolf,0.25,beast,Medium,13,11,land,unaligned,False,12.0,15.0,12.0,3.0,12.0,6.0,None,None,unaligned,2
723,worg,0.5,monstrosity,Large,13,26,land,neutral evil,False,16.0,13.0,13.0,7.0,11.0,8.0,neutral,evil,aligned,1
724,wraith,5.0,undead,Medium,13,67,fly,neutral evil,False,6.0,16.0,16.0,12.0,14.0,15.0,neutral,evil,aligned,1
725,wyvern,6.0,dragon,Large,13,110,fly,unaligned,False,19.0,10.0,16.0,5.0,12.0,6.0,None,None,unaligned,4
726,xorn,5.0,elemental,Medium,19,73,land,neutral,False,17.0,10.0,22.0,11.0,10.0,11.0,neutral,neutral,aligned,0
735,yeti,3.0,monstrosity,Large,12,51,land,chaotic evil,False,18.0,13.0,16.0,8.0,12.0,7.0,chaotic,evil,aligned,4
737,young-black-dragon,7.0,dragon,Large,18,127,"fly, swim",chaotic evil,False,19.0,14.0,17.0,12.0,11.0,15.0,chaotic,evil,aligned,0
738,young-blue-dragon,9.0,dragon,Large,18,152,fly,lawful evil,False,21.0,10.0,19.0,14.0,13.0,17.0,lawful,evil,aligned,0
739,young-brass-dragon,6.0,dragon,Large,17,110,fly,chaotic good,False,19.0,10.0,17.0,12.0,11.0,15.0,chaotic,good,aligned,0
740,young-bronze-dragon,8.0,dragon,Large,18,142,"fly, swim",lawful good,False,21.0,10.0,19.0,14.0,13.0,17.0,lawful,good,aligned,0
741,young-copper-dragon,7.0,dragon,Large,17,119,fly,chaotic good,False,19.0,12.0,17.0,16.0,13.0,15.0,chaotic,good,aligned,0
742,young-gold-dragon,10.0,dragon,Large,18,178,"fly, swim",lawful good,False,23.0,14.0,21.0,16.0,13.0,20.0,lawful,good,aligned,0
743,young-green-dragon,8.0,dragon,Large,18,136,"fly, swim",lawful evil,False,19.0,12.0,17.0,16.0,13.0,15.0,lawful,evil,aligned,0
745,young-red-dragon,10.0,dragon,Large,18,178,fly,chaotic evil,False,23.0,10.0,21.0,14.0,11.0,19.0,chaotic,evil,aligned,0
748,young-silver-dragon,9.0,dragon,Large,18,168,fly,lawful good,False,23.0,10.0,21.0,14.0,11.0,19.0,lawful,good,aligned,0
749,young-white-dragon,6.0,dragon,Large,17,133,"fly, swim",chaotic evil,False,18.0,10.0,18.0,6.0,11.0,12.0,chaotic,evil,aligned,4
750,yuan-ti-abomination,7.0,monstrosity,Large,15,127,land,neutral evil,False,19.0,16.0,17.0,17.0,15.0,18.0,neutral,evil,aligned,0
753,yuan-ti-malison,3.0,monstrosity,Medium,12,66,land,neutral evil,False,16.0,14.0,13.0,14.0,12.0,16.0,neutral,evil,aligned,1
755,yuan-ti-nightmare-speaker,4.0,monstrosity,Medium,14,71,land,neutral evil,False,16.0,14.0,13.0,14.0,12.0,16.0,neutral,evil,aligned,1
757,yuan-ti-pureblood,1.0,humanoid,Medium,11,40,land,neutral evil,False,11.0,12.0,11.0,13.0,12.0,14.0,neutral,evil,aligned,1
759,zariel,26.0,fiend,Large,21,580,fly,lawful evil,True,27.0,24.0,28.0,26.0,27.0,30.0,lawful,evil,aligned,3
760,zombie,0.25,undead,Medium,8,22,land,neutral evil,False,13.0,6.0,16.0,3.0,6.0,5.0,neutral,evil,aligned,4
